ELEMENTS	[FILL]belongs to	FAMILY	[FILL],	GROUP	[FILL] on the periodic table	[SKIP] COMMENTS	[SKIP] DEP	[SKIP] UID	
Calcium; Beryllium; Strontium; Radium; Barium; Magnesium	belongs to	alkaline earth metal family	,	group 2	on the periodic table			74db-af44-c803-040e	
helium; neon; argon; krypton; xenon; radon	belongs to	noble gases family	,	group 18	on the periodic table			6c1d-31a9-db5a-6b07	
lithium; sodium; potassium; rubidium; caesium; francium	belongs to	alkali metals	,	group 1	on the periodic table			1b97-cdfe-55ae-ac9d	
Fluorine; Chlorine; Bromine; Iodine; Astatine	belongs to	halogens family	,	group 17	on the periodic table			7eb8-8fb8-37c4-5dd6	
oxygen; selenium; sulfur; tellurium; polonium	belongs to	oxygen family	,	group 16	on the periodic table			83f3-71f5-10e2-cb64	
gold	belongs to	transitional metal family	, 	group 11	on the periodic table			f283-61b0-deca-b56e	
nitrogen; arsenic; phosphorus; antimony	belongs to	nitrogen family	,	group 15	on the periodic table			ee5c-bc13-caa0-1e9d	
