[FILL] the	THING	[FILL] is	QUANTITY	[FILL] on	DATE	SCOPE	[SKIP] COMMENTS	[SKIP] DEP	[SKIP] UID	
the	amount of daylight	is	least	on the	winter solstice				5307-2d90-79a8-14af	
the	amount of daylight	is	greatest	on the	summer solstice				551a-ecdb-38e6-4b09	
the	amount of daylight	is	greatest	in the	summer				3d48-ef4c-bf06-a0c5	
the	amount of daylight	is	least	in the	winter				b695-f668-1dec-659c	
the	winter solstice	is		on	December 21st	in the Northern Hemisphere	# Do we make another table for these EVENT-DATE pairs? since they're different than ATTRIBUTE-QUANTITY-DATE?	Moved to Proto-During	1a5a-ae9f-65a4-17ed	
